id,day,month,year,eventDate,decimalLatitude,decimalLongitude,footprintWKT,bathymetry,shoredistance,sss,sst,occurrenceID,associatedMedia,occurrenceRemarks
ff3f89a4-518d-4e7c-a2dc-dda812013747,,,2022,2022,38.289937,-9.041748,MultiPoint ((-9.04174800000000012 38.28993700000000189)),743.2,16220.0,35.49,17.1,1020_ANAV_NR_2310/22,https://geoanavnet.hidrografico.pt/coastal-warnings?uuid=61757c5c-cc27-4a3c-ae6a-6bf7eb642378,Novos perigos|Animais Marinhos - InteraÁ„o
716b10c8-5520-4577-9969-abd9f15b049c,30.0,9.0,2022,2022-09-30,38.23815,-8.8565,MultiPoint ((-8.85650000000000048 38.23814999999999742)),86.6,7067.0,35.5,17.15,1032_ANAV_NR_2317/22,https://geoanavnet.hidrografico.pt/coastal-warnings?uuid=325e338b-d53c-49ef-8ee6-4f4359b510ce,Novos perigos|Animais Marinhos - InteraÁ„o
04513443-a748-4db8-97ff-d7feeb05efe6,,10.0,2022,2022-10,38.190013089382,-9.040319452,"MultiLineString ((-8.93188499999999941 37.93119999999999692, -8.9923099999999998 38.22739299999999929, -9.24774200000000057 38.37826900000000308))",158.6,22472.0,35.52,17.19,1060_ANAV_NR_2335/22,https://geoanavnet.hidrografico.pt/coastal-warnings?uuid=cd1e33c1-5920-4a2b-aafe-6dce7aac61be,Novos perigos|Animais Marinhos - InteraÁ„o
e908ddf8-bfea-416b-bc95-e3014ed35446,,10.0,2022,2022-10,37.0222055,-8.7382505,"MultiPolygon (((-9.01977499999999921 36.90817599999999743, -9.01977499999999921 37.13623499999999922, -8.45672599999999974 37.13623499999999922, -8.45672599999999974 36.90817599999999743, -9.01977499999999921 36.90817599999999743)))",56.0,5857.0,35.79,17.8,1140_ANAV_NR_2385/22,https://geoanavnet.hidrografico.pt/coastal-warnings?uuid=f306d287-18f1-4294-b343-6dbcb447bf74,Requisitos de seguranÁa maritima|Animais Marinhos - Avistamento
c928f316-1827-4fac-b333-2504a40e8936,,10.0,2022,2022-10,39.3628785,-9.4413755,"MultiPolygon (((-9.59930400000000006 39.24927100000000024, -9.59930400000000006 39.4764860000000013, -9.28344700000000067 39.4764860000000013, -9.28344700000000067 39.24927100000000024, -9.59930400000000006 39.24927100000000024)))",31.2,2824.0,35.27,16.69,1144_ANAV_NR_2387/22,https://geoanavnet.hidrografico.pt/coastal-warnings?uuid=57d1f003-34f9-4f07-a06d-30089a008666,Requisitos de seguranÁa maritima|Animais Marinhos - Avistamento
3e1e741a-ae20-4d06-89ff-648259cf6b52,,10.0,2022,2022-10,36.92518099522,-8.811862733,"MultiLineString ((-8.27407799999999938 37.06942300000000046, -8.27819799999999972 36.84006500000000273, -9.2010500000000004 36.8356679999999983, -9.21203599999999945 37.13842499999999802, -8.95385699999999929 37.13842499999999802))",115.4,13568.0,35.82,17.92,1146_ANAV_NR_2388/22,https://geoanavnet.hidrografico.pt/coastal-warnings?uuid=d27deb3b-3cfa-4e6e-9d03-3fdadfd96da3,Requisitos de seguranÁa maritima|Animais Marinhos - Avistamento
48321522-e58b-4abb-bb24-0e4a9b5a0ef9,,10.0,2022,2022-10,36.8745895,-7.5476075,"MultiPolygon (((-8.54736300000000071 36.56260000000000332, -8.54736300000000071 37.18657900000000183, -6.54785199999999978 37.18657900000000183, -6.54785199999999978 36.56260000000000332, -8.54736300000000071 36.56260000000000332)))",517.0,25261.0,35.79,18.88,1156_ANAV_NR_2396/22,https://geoanavnet.hidrografico.pt/coastal-warnings?uuid=fc83c939-29eb-4079-b15b-62c4ea47b6fc,Novos perigos|Animais Marinhos - InteraÁ„o
26fb84d2-2682-4a6d-b066-720ccf808bca,13.0,10.0,2022,2022-10-13,38.52883,-9.661102,MultiPoint ((-9.66110199999999963 38.52882999999999925)),879.0,24993.0,35.63,17.05,1186_ANAV_NR_2421/22,https://geoanavnet.hidrografico.pt/coastal-warnings?uuid=7b86002e-08b8-4c46-bdaa-3880b3865557,Novos perigos|Animais Marinhos - InteraÁ„o
f2f962f9-6d14-4a56-b859-f47fbc7a6ab8,,11.0,2022,2022-11,41.696167,-9.156333,MultiPoint ((-9.15633300000000006 41.69616700000000264)),108.2,23615.0,35.19,15.75,1452_ANAV_NR_2602/22,https://geoanavnet.hidrografico.pt/coastal-warnings?uuid=c28ea941-1610-41c2-a145-7cc5993ae94c,Novos perigos|Animais Marinhos - InteraÁ„o
6ddd54f1-484c-4d2f-be18-c13c29da59a0,,11.0,2022,2022-11,38.285535,-9.0458675,"MultiPolygon (((-9.23263500000000015 38.17127299999999934, -9.23263500000000015 38.39979699999999951, -8.85909999999999975 38.39979699999999951, -8.85909999999999975 38.17127299999999934, -9.23263500000000015 38.17127299999999934)))",832.0,16667.0,35.49,17.1,1748_ANAV_NR_2811/22,https://geoanavnet.hidrografico.pt/coastal-warnings?uuid=0ef2e474-0b90-45d0-8336-c0d84f2d241e,Novos perigos|Animais Marinhos - InteraÁ„o
6280c70e-4373-442c-b5aa-791ffde15956,,11.0,2022,2022-11,36.897194,-9.151611,MultiPoint ((-9.15161100000000083 36.89719399999999894)),646.0,19508.0,35.88,18.02,1770_ANAV_NR_2831/22,https://geoanavnet.hidrografico.pt/coastal-warnings?uuid=c3c32249-40e5-4de7-ae91-250d572b52a3,Novos perigos|Animais Marinhos - InteraÁ„o
0d0ca31a-0875-463f-a9c9-b7e16dcbf0fb,,12.0,2022,2022-12,38.750335,-9.571838,MultiPoint ((-9.57183799999999962 38.75033499999999975)),86.0,6943.0,35.48,16.79,1902_ANAV_NR_2908/22,https://geoanavnet.hidrografico.pt/coastal-warnings?uuid=967e8fe7-74ee-479f-9b65-79d28ca0c058,Novos perigos|Animais Marinhos - InteraÁ„o
7186b55c-cf1c-4a2d-87d6-150dc439a5dd,31.0,7.0,2022,2022-07-31,37.719677,-8.926392,MultiPoint ((-8.92639199999999988 37.71967699999999724)),116.4,10431.0,35.67,17.37,252_ANAV_NR_1797/22,https://geoanavnet.hidrografico.pt/coastal-warnings?uuid=e0825bb2-b9d5-45e9-ac3f-e069e16edb2c,Requisitos de seguranÁa maritima|Animais Marinhos - InteraÁ„o
5b06aac3-37d2-4fc4-95cc-c3b790ab6a2f,,,2022,2022,37.549476,-9.0055275,"MultiPolygon (((-9.02011899999999933 37.53967699999999752, -9.02011899999999933 37.55927499999999952, -8.99093599999999959 37.55927499999999952, -8.99093599999999959 37.53967699999999752, -9.02011899999999933 37.53967699999999752)))",178.2,17286.0,35.71,17.44,264_ANAV_NR_1804/22,https://geoanavnet.hidrografico.pt/coastal-warnings?uuid=324d5fe1-62f7-441f-9fea-fe96f8186069,Requisitos de seguranÁa maritima|Animais Marinhos - InteraÁ„o
2cb29efe-5b20-4094-b659-45e598fd278d,,,2023,2023,38.3947665,-9.2393785,"MultiPolygon (((-9.27267600000000058 38.37270199999999676, -9.27267600000000058 38.41683100000000195, -9.20608099999999929 38.41683100000000195, -9.20608099999999929 38.37270199999999676, -9.27267600000000058 38.37270199999999676)))",134.0,2550.0,35.45,17.08,2936_ANAV_NR_0438/23,https://geoanavnet.hidrografico.pt/coastal-warnings?uuid=ac1030cb-9010-4fe3-a19b-78f4e4644474,Novos perigos|Animais Marinhos - InteraÁ„o
9ba296c8-f287-4465-8435-aad2d32c20a1,28.0,2.0,2023,2023-02-28,36.9936785,-8.548292,"MultiPolygon (((-8.99866300000000052 36.8752190000000013, -8.99866300000000052 37.11213800000000163, -8.09792099999999948 37.11213800000000163, -8.09792099999999948 36.8752190000000013, -8.99866300000000052 36.8752190000000013)))",58.2,12511.0,35.83,18.04,2956_ANAV_NR_0449/23,https://geoanavnet.hidrografico.pt/coastal-warnings?uuid=5429ba40-22c1-45c3-9c12-9b512a7bd09e,Requisitos de seguranÁa maritima|Animais Marinhos - InteraÁ„o
3459feca-58cd-43e6-adc3-9937e75f8ca5,,,2023,2023,36.935529,-8.0758125,"MultiPolygon (((-8.95458499999999979 36.78185299999999813, -8.95458499999999979 37.08920499999999976, -7.19704000000000033 37.08920499999999976, -7.19704000000000033 36.78185299999999813, -8.95458499999999979 36.78185299999999813)))",47.4,10650.0,35.83,18.45,2960_ANAV_NR_0451/23,https://geoanavnet.hidrografico.pt/coastal-warnings?uuid=25b98977-e651-4179-b69e-32f92da7e140,Requisitos de seguranÁa maritima|Animais Marinhos - Avistamento
16ba2d28-3e43-4328-a542-4d78a635998e,21.0,3.0,2023,2023-03-21,36.783333,-8.233333,MultiPoint ((-8.23333300000000001 36.78333299999999895)),455.2,32408.0,35.93,18.51,3290_ANAV_NR_0644/23,https://geoanavnet.hidrografico.pt/coastal-warnings?uuid=c9a1497f-28c7-4c02-be9f-d6c63daa17c1,Requisitos de seguranÁa maritima|Animais Marinhos - Avistamento
80736526-a964-4ab0-a9ab-e1ea3f569232,25.0,3.0,2023,2023-03-25,37.780717,-9.0438,MultiPoint ((-9.04379999999999917 37.78071700000000277)),191.0,20646.0,35.67,17.36,3380_ANAV_NR_0694/23,https://geoanavnet.hidrografico.pt/coastal-warnings?uuid=6a75b70c-5039-48e7-a0e6-3b9d183f3194,Novos perigos|Animais Marinhos - Avistamento
58a1e73d-9f3b-4f99-8111-8c4cdfe829c4,,3.0,2023,2023-03,37.033727,-8.575075,MultiPoint ((-8.575075 37.03372699999999895)),45.0,8979.0,35.8,17.96,3398_ANAV_NR_0695/23,https://geoanavnet.hidrografico.pt/coastal-warnings?uuid=684514f5-da68-4d02-98d0-99e141d1afdb,Novos perigos|Animais Marinhos - Avistamento
8a998451-1add-4ef5-b5b2-95868433b0f8,,3.0,2023,2023-03,37.075084,-8.638336,MultiPoint ((-8.63833600000000068 37.07508399999999682)),32.2,2568.0,35.81,17.82,3442_ANAV_NR_0743/23,https://geoanavnet.hidrografico.pt/coastal-warnings?uuid=0ee2a6d0-1ba9-4375-9e42-2ce397c97e75,Novos perigos|Animais Marinhos - Avistamento
3d304a0b-4b33-4e94-b323-63222f686306,,4.0,2023,2023-04,36.425933,-7.734918,MultiPoint ((-7.7349180000000004 36.42593300000000056)),630.4,60934.0,36.14,19.36,3476_ANAV_NR_0766/23,https://geoanavnet.hidrografico.pt/coastal-warnings?uuid=3248b8d8-e59d-436e-9d0e-22756a4df640,Novos perigos|Animais Marinhos - Avistamento
2fccaff3-3b6a-4ba2-9b8b-2f4b7cd2c8fa,,4.0,2023,2023-04,39.379135,-9.500803,"MultiPolygon (((-9.75756900000000016 39.20504900000000248, -9.75756900000000016 39.55322100000000063, -9.2440370000000005 39.55322100000000063, -9.2440370000000005 39.20504900000000248, -9.75756900000000016 39.20504900000000248)))",45.0,3349.0,35.33,16.74,3636_ANAV_NR_0887/23,https://geoanavnet.hidrografico.pt/coastal-warnings?uuid=7e0a0a71-3520-45fe-a717-2251ece1a03c,Requisitos de seguranÁa maritima|Animais Marinhos - Avistamento
5afce411-4559-42e8-9eb1-3ef602938c06,,6.0,2023,2023-06,36.953667,-7.889333,MultiPoint ((-7.88933299999999971 36.95366700000000293)),16.8,670.0,35.79,18.64,4120_ANAV_NR_1230/23,https://geoanavnet.hidrografico.pt/coastal-warnings?uuid=f2119ac8-ded2-4e18-adeb-b9279592a852,Novos perigos|Animais Marinhos - Avistamento
a71c7b50-81a4-4bcc-afe8-85e1cf7bcc97,22.0,6.0,2023,2023-06-22,37.042167,-7.467333,MultiPoint ((-7.467333 37.04216699999999918)),83.4,13916.0,35.71,18.72,4252_ANAV_NR_1324/23,https://geoanavnet.hidrografico.pt/coastal-warnings?uuid=9a2d2663-4b21-4b85-8817-7e673a43a6e6,Novos perigos|Animais Marinhos - Avistamento
cb38dc4e-3ff4-4bcf-8e7d-4b366ea93c74,,6.0,2023,2023-06,37.0166665,-8.3666665,"MultiPoint ((-8.34999999999999964 36.98333300000000179),(-8.38333300000000037 37.04999999999999716))",39.0,8284.0,35.83,18.06,4282_ANAV_NR_1341/23,https://geoanavnet.hidrografico.pt/coastal-warnings?uuid=ed3874b2-58ee-443c-acc8-9f5318ab7ed2,Novos perigos|Animais Marinhos - Avistamento
61ecca9a-d902-49ae-b86f-2f65d987298b,25.0,6.0,2023,2023-06-25,36.970603,-7.775914,"MultiPoint ((-7.79925599999999974 36.98335800000000262),(-7.7525719999999998 36.95784799999999848))",75.6,4239.0,35.75,18.66,4288_ANAV_NR_1346/23,https://geoanavnet.hidrografico.pt/coastal-warnings?uuid=cdf54817-2128-4237-aab9-d75ee9c1f70d,Novos perigos|Animais Marinhos - Avistamento
bcfa855a-bc35-43eb-b2e5-28f00d24261b,,6.0,2023,2023-06,36.871667,-8.441667,MultiPoint ((-8.4416670000000007 36.87166700000000219)),129.0,23761.0,35.86,18.2,4292_ANAV_NR_1350/23,https://geoanavnet.hidrografico.pt/coastal-warnings?uuid=f7fb3073-9c76-467c-976b-64b41bf8ec3e,Novos perigos|Animais Marinhos - Avistamento
d781336d-185e-4e84-b55f-7798c3bb8b16,,6.0,2023,2023-06,37.066667,-8.633333,MultiPoint ((-8.63333300000000037 37.06666700000000247)),34.8,3309.0,35.81,17.82,4294_ANAV_NR_1351/23,https://geoanavnet.hidrografico.pt/coastal-warnings?uuid=0ee0b39f-c488-43db-8bc9-5adb8beabdbb,Novos perigos|Animais Marinhos - Avistamento
4a334029-3ac5-4f40-8c9c-4edaf9bf3174,,6.0,2023,2023-06,36.916667,-8.583333,MultiPoint ((-8.58333299999999966 36.91666699999999679)),102.0,19526.0,35.83,18.04,4296_ANAV_NR_1352/23,https://geoanavnet.hidrografico.pt/coastal-warnings?uuid=4f90cee6-f08f-44a9-a80f-c55dc1fb4190,Novos perigos|Animais Marinhos - Avistamento
b66d9a7a-65d7-4cd0-a474-f9b9700bf281,27.0,6.0,2023,2023-06-27,37.667333,-8.823333,MultiPoint ((-8.82333299999999987 37.66733299999999929)),37.8,1928.0,,,4308_ANAV_NR_1358/23,https://geoanavnet.hidrografico.pt/coastal-warnings?uuid=9694ebbb-5a24-4dc2-a9a8-fe0540b91847,Novos perigos|Animais Marinhos - InteraÁ„o
545e7074-f0ff-4de9-873d-450f8df93300,27.0,6.0,2023,2023-06-27,37.596,-8.881333,MultiPoint ((-8.8813329999999997 37.59599999999999653)),105.6,5468.0,35.68,17.21,4310_ANAV_NR_1359/23,https://geoanavnet.hidrografico.pt/coastal-warnings?uuid=b70e9dff-3ab4-458c-af50-12ca37081303,Novos perigos|Animais Marinhos - InteraÁ„o
afa581e4-2eac-452c-bf5b-ba3d41f062e7,1.0,7.0,2023,2023-07-01,39.3470975,-9.490148,"MultiPolygon (((-9.69207699999999939 39.13682399999999717, -9.69207699999999939 39.55737100000000339, -9.28821899999999978 39.55737100000000339, -9.28821899999999978 39.13682399999999717, -9.69207699999999939 39.13682399999999717)))",39.0,7025.0,35.27,16.69,4364_ANAV_NR_1386/23,https://geoanavnet.hidrografico.pt/coastal-warnings?uuid=46a05d13-90c8-405a-8b01-3d808003b582,Novos perigos|Animais Marinhos - Avistamento
b8088393-898b-4364-baaa-f7387f4daeb1,,7.0,2023,2023-07,38.660711,-9.2971625,"MultiPolygon (((-9.31398500000000062 38.65106000000000108, -9.31398500000000062 38.67036199999999724, -9.2803400000000007 38.67036199999999724, -9.2803400000000007 38.65106000000000108, -9.31398500000000062 38.65106000000000108)))",3.8,103.0,35.39,16.81,4368_ANAV_NR_1391/23,https://geoanavnet.hidrografico.pt/coastal-warnings?uuid=39d80d76-36f8-4185-9a4f-bfe671e5c025,Novos perigos|Animais Marinhos - Avistamento
6cc07928-8d1e-4753-a2ea-04279893ff1b,,7.0,2023,2023-07,40.739,-8.842333,MultiPoint ((-8.842333 40.73899999999999721)),34.0,9727.0,34.9,16.12,4370_ANAV_NR_1392/23,https://geoanavnet.hidrografico.pt/coastal-warnings?uuid=9183d4fd-4f51-4657-872e-452ab3d4930b,Novos perigos|Animais Marinhos - Avistamento
d8a36615-2250-4657-a7f2-4e97d0b48fbb,,7.0,2023,2023-07,36.966333,-7.7955,MultiPoint ((-7.79549999999999965 36.96633299999999878)),72.2,3667.0,35.75,18.66,4382_ANAV_NR_1398/23,https://geoanavnet.hidrografico.pt/coastal-warnings?uuid=c7564a01-a72b-416b-a084-2c585119268f,Novos perigos|Animais Marinhos - Avistamento
ecb5da04-7f72-44f6-a9b4-4cbf8ac4c3ad,9.0,7.0,2023,2023-07-09,36.997504402639,-7.978544556,"MultiPolygon (((-8.10987699999999911 37.07001900000000205, -8.04245099999999979 37.05253299999999683, -7.8934059999999997 36.9697400000000016, -7.84464000000000006 36.96096200000000209, -7.8940929999999998 36.92748600000000181, -8.11056400000000011 37.05358100000000121, -8.10987699999999911 37.07001900000000205)))",-1.0,-44.0,35.81,18.56,4420_ANAV_NR_1417/23,https://geoanavnet.hidrografico.pt/coastal-warnings?uuid=6b2d0b10-e9a6-4fc7-a1fe-edbe2dbe54cf,Novos perigos|Animais Marinhos - Avistamento
92cffef4-575e-49ad-91c6-a5d5a3a38abb,,7.0,2023,2023-07,35.879593,-9.090938,MultiPoint ((-9.09093799999999952 35.87959299999999985)),3766.4,124512.0,36.36,19.42,4460_ANAV_NR_1452/23,https://geoanavnet.hidrografico.pt/coastal-warnings?uuid=5dc4552b-ed9d-464c-89be-debfd7a826ca,Novos perigos|Animais Marinhos - Avistamento
ced28202-39c4-4bde-ab55-30222c51d1e4,,7.0,2023,2023-07,38.425667,-9.223833,MultiPoint ((-9.22383300000000084 38.42566699999999713)),19.6,511.0,35.35,17.0,4490_ANAV_NR_1472/23,https://geoanavnet.hidrografico.pt/coastal-warnings?uuid=1ce0e8c6-1aec-4ef3-9672-5325082c08f8,Novos perigos|Animais Marinhos - Avistamento
3f870fe6-e4a1-4980-b8f9-b91f43aace71,,7.0,2023,2023-07,38.385,-8.885,MultiPoint ((-8.88499999999999979 38.38499999999999801)),50.8,6334.0,35.44,17.04,4522_ANAV_NR_1479/23,https://geoanavnet.hidrografico.pt/coastal-warnings?uuid=bf4de784-8adc-48d3-91d6-8aa1e08c1957,Novos perigos|Animais Marinhos - Avistamento
59b11225-6ee8-4e59-aeb9-e95c30ae0fbe,,8.0,2023,2023-08,36.964667,-7.936667,MultiPoint ((-7.93666699999999992 36.96466699999999861)),10.0,885.0,35.81,18.56,4560_ANAV_NR_1508/23,https://geoanavnet.hidrografico.pt/coastal-warnings?uuid=25690b78-5a43-4ddf-ad35-4389d6c05549,Novos perigos|Animais Marinhos - Avistamento
397bd0de-9f61-4e81-8452-57bc9a0f8b29,,8.0,2023,2023-08,36.919683,-7.822967,MultiPoint ((-7.82296700000000023 36.91968299999999914)),151.8,6492.0,35.75,18.66,4578_ANAV_NR_1521/23,https://geoanavnet.hidrografico.pt/coastal-warnings?uuid=98c28738-245d-4d4f-81ae-a8835187c018,Novos perigos|Animais Marinhos - Avistamento
11dab2a0-2cda-4829-8a08-5e453d9774e2,,8.0,2023,2023-08,36.928,-7.860167,MultiPoint ((-7.86016699999999968 36.92799999999999727)),86.0,4092.0,35.79,18.64,4590_ANAV_NR_1529/23,https://geoanavnet.hidrografico.pt/coastal-warnings?uuid=8c22f873-c674-4868-ae57-d68118b2486a,Novos perigos|Animais Marinhos - Avistamento
cbb33dd4-78db-4dad-9c40-e6d367d45aec,,8.0,2023,2023-08,38.2,-9.066667,MultiPoint ((-9.0666670000000007 38.20000000000000284)),176.4,24939.0,35.52,17.19,4600_ANAV_NR_1537/23,https://geoanavnet.hidrografico.pt/coastal-warnings?uuid=9ab1a02a-1a66-4a87-b9f2-1864887ed393,Novos perigos|Animais Marinhos - InteraÁ„o
e62d6da7-8a56-484c-94a9-ada063eeb42d,,8.0,2023,2023-08,38.413667,-9.147167,MultiPoint ((-9.1471669999999996 38.41366699999999668)),95.0,1756.0,35.44,17.05,4604_ANAV_NR_1539/23,https://geoanavnet.hidrografico.pt/coastal-warnings?uuid=4c52bff2-7a5d-4a3a-81c1-5c46e72c0d6f,Novos perigos|Animais Marinhos - InteraÁ„o
6981d7dd-6548-4739-b3fb-121f2aa2295a,,8.0,2023,2023-08,38.027833,-8.909,MultiPoint ((-8.9090000000000007 38.02783300000000111)),99.4,5895.0,35.62,17.17,4610_ANAV_NR_1544/23,https://geoanavnet.hidrografico.pt/coastal-warnings?uuid=35146cfe-90fd-4308-8234-2a618d549c6e,Novos perigos|Animais Marinhos - InteraÁ„o
cd4f789e-67c2-479e-951f-732712bcefea,,8.0,2023,2023-08,36.9475,-7.9965,MultiPoint ((-7.99650000000000016 36.94749999999999801)),41.6,5172.0,35.81,18.56,4666_ANAV_NR_1579/23,https://geoanavnet.hidrografico.pt/coastal-warnings?uuid=a6a3b971-11b6-419e-98d5-79f0f2263181,Novos perigos|Animais Marinhos - Avistamento
ae4cdab7-98d7-4b6e-90f9-af39afd3006e,24.0,8.0,2023,2023-08-24,38.252983,-8.939717,MultiPoint ((-8.93971699999999991 38.2529830000000004)),134.0,14281.0,35.49,17.04,4672_ANAV_NR_1580/23,https://geoanavnet.hidrografico.pt/coastal-warnings?uuid=3a00e549-9b71-4295-b818-e66b52587fa8,Novos perigos|Animais Marinhos - Avistamento
7e5297f8-4e22-4b33-8449-d11b8470e6a8,,8.0,2023,2023-08,36.261439,-8.567603,MultiPoint ((-8.56760300000000008 36.26143900000000286)),1947.2,88190.0,36.28,19.25,4686_ANAV_NR_1588/23,https://geoanavnet.hidrografico.pt/coastal-warnings?uuid=98567061-ddf8-4781-bb92-5fd3bba125a7,Novos perigos|Animais Marinhos - Avistamento
f9013413-b02b-4be6-a277-2d3bd5c6b2fb,30.0,8.0,2023,2023-08-30,38.4895,-9.636833,MultiPoint ((-9.63683299999999932 38.4894999999999996)),959.8,27373.0,35.69,17.31,4696_ANAV_NR_1596/23,https://geoanavnet.hidrografico.pt/coastal-warnings?uuid=77f97881-9592-4bfd-a1c9-2eaf5a7e0a83,Novos perigos|Animais Marinhos - Avistamento
6becd8bb-7035-4d96-bc7e-5ffb336823fd,1.0,9.0,2023,2023-09-01,36.980615,-8.769836,MultiPoint ((-8.76983599999999974 36.98061500000000024)),69.4,9281.0,35.82,17.92,4710_ANAV_NR_1612/23,https://geoanavnet.hidrografico.pt/coastal-warnings?uuid=07c0dacb-0dce-47ca-999a-e8d1587a1570,Novos perigos|Animais Marinhos - Avistamento
06e2daba-78bd-4b18-b515-153da85662de,,9.0,2023,2023-09,39.362333,-10.119333,MultiPoint ((-10.11933299999999925 39.36233299999999957)),1461.4,50466.0,35.66,17.44,4720_ANAV_NR_1613/23,https://geoanavnet.hidrografico.pt/coastal-warnings?uuid=9cd69013-449b-44f5-a9ac-9e22b666d1be,Novos perigos|Animais Marinhos - Avistamento
4f30ad37-0025-42d6-b6eb-c2436470f6a9,5.0,9.0,2023,2023-09-05,40.609667,-9.02,MultiPoint ((-9.01999999999999957 40.60966700000000174)),70.8,21642.0,35.04,16.27,4746_ANAV_NR_1632/23,https://geoanavnet.hidrografico.pt/coastal-warnings?uuid=da3e38b1-5b51-4033-b5a2-3e3a7c922103,Novos perigos|Animais Marinhos - Avistamento
f07977f4-11e7-4823-b0ac-fd5d35b5d0d6,8.0,9.0,2023,2023-09-08,40.573667,-8.923167,MultiPoint ((-8.9231669999999994 40.57366700000000037)),48.8,12790.0,35.03,16.23,4784_ANAV_NR_1653/23,https://geoanavnet.hidrografico.pt/coastal-warnings?uuid=18cc05cf-c26e-4c4d-8901-4ad98baff49b,Novos perigos|Animais Marinhos - Avistamento
16f3fb79-2bcd-45db-9bce-4116f6974e81,,2.0,2023,2023-02,37.861667,-9.056167,MultiPoint ((-9.0561670000000003 37.86166699999999707)),231.4,17097.0,35.65,17.32,4787_ANAV_NR_0411/23,https://geoanavnet.hidrografico.pt/coastal-warnings?uuid=4929ac3f-4015-4cd0-bb66-e0b8becf85eb,Novos perigos|Animais Marinhos - InteraÁ„o
c2133b09-cf8f-4b7c-bb7a-99ca769553c6,,7.0,2023,2023-07,36.9231225,-7.8644345,"MultiPolygon (((-7.97985100000000003 36.86438700000000068, -7.97985100000000003 36.98185800000000256, -7.74901800000000041 36.98185800000000256, -7.74901800000000041 36.86438700000000068, -7.97985100000000003 36.86438700000000068)))",87.6,4559.0,35.79,18.64,4790_ANAV_NR_1405/23,https://geoanavnet.hidrografico.pt/coastal-warnings?uuid=b85f4d36-d7ee-469d-91d5-c56928faf819,Novos perigos|Animais Marinhos - Avistamento
fa2e2743-d949-4856-9fd6-145646ef7853,,,2023,2023,37.056667,-8.473333,MultiPoint ((-8.47333300000000023 37.05666699999999736)),36.4,4006.0,35.82,17.99,4792_ANAV_NR_1495/23,https://geoanavnet.hidrografico.pt/coastal-warnings?uuid=1f7cfc1e-e9e0-4a49-aec3-23d23c19e093,Novos perigos|Animais Marinhos - Avistamento
61b47347-4a52-4d87-a1a7-d5f1e0d37bc5,,,2023,2023,36.919683,-7.822967,MultiPoint ((-7.82296700000000023 36.91968299999999914)),151.8,6492.0,35.75,18.66,4794_ANAV_NR_1520/23,https://geoanavnet.hidrografico.pt/coastal-warnings?uuid=6c391bca-4153-4c98-9157-f20f03268b07,Novos perigos|Animais Marinhos - Avistamento
63c3a712-82f0-4d15-8289-277dd1cb6bbc,,8.0,2023,2023-08,37.008833,-8.980167,MultiPoint ((-8.98016699999999979 37.00883300000000276)),25.0,1188.0,35.77,17.75,4796_ANAV_NR_1526/23,https://geoanavnet.hidrografico.pt/coastal-warnings?uuid=3d64bcf8-8429-4bff-a9fe-300c09a32bae,Novos perigos|Animais Marinhos - Avistamento
e76a56ff-f696-4020-b73c-a66a5e89ccf9,12.0,8.0,2023,2023-08-12,38.4225,-9.0985,MultiPoint ((-9.09849999999999959 38.42249999999999943)),93.8,1867.0,35.38,16.98,4798_ANAV_NR_1546/23,https://geoanavnet.hidrografico.pt/coastal-warnings?uuid=2ced9160-625f-40af-be64-c4d141147044,Novos perigos|Animais Marinhos - Avistamento
2efefa6b-34a6-4408-8bd9-eba8eafd85b4,13.0,9.0,2023,2023-09-13,37.5425,-8.953833,MultiPoint ((-8.95383299999999949 37.54249999999999687)),141.0,13173.0,35.7,17.4,4858_ANAV_NR_1689/23,https://geoanavnet.hidrografico.pt/coastal-warnings?uuid=3ff0359e-cf39-42fb-a5aa-dfb6bd7352df,Novos perigos|Animais Marinhos - InteraÁ„o
b435bf68-79db-49d6-a742-6b5442ddcf24,13.0,9.0,2023,2023-09-13,40.294167,-9.112,MultiPoint ((-9.1120000000000001 40.29416700000000162)),85.2,20327.0,35.25,16.47,4874_ANAV_NR_1698/23,https://geoanavnet.hidrografico.pt/coastal-warnings?uuid=bcb62b86-02ac-4a9d-8259-b079f8b0f641,Novos perigos|Animais Marinhos - Avistamento
7e5b6f4e-70c3-4c8c-8ecb-b8a0f1438a19,19.0,9.0,2023,2023-09-19,37.675,-8.861667,MultiPoint ((-8.86166700000000063 37.67499999999999716)),92.8,5403.0,35.68,17.31,4980_ANAV_NR_1760/23,https://geoanavnet.hidrografico.pt/coastal-warnings?uuid=ee50da83-9e6c-46d5-ad7b-ce9f8c28d668,Requisitos de seguranÁa maritima|Animais Marinhos - InteraÁ„o
34c2b063-cd95-4d4c-b084-3fcfa6cbc646,23.0,9.0,2023,2023-09-23,39.5855,-9.159667,MultiPoint ((-9.15966700000000067 39.58550000000000324)),176.8,5722.0,35.13,16.52,5064_ANAV_NR_1815/23,https://geoanavnet.hidrografico.pt/coastal-warnings?uuid=c781f3a0-e3a7-4a9f-923c-5a79dad910d1,Requisitos de seguranÁa maritima|Animais Marinhos - InteraÁ„o
9b941cad-d67a-4441-8f3e-7c05e5d247cb,,9.0,2023,2023-09,41.053333,-8.703333,MultiPoint ((-8.70333300000000065 41.05333300000000207)),16.0,3912.0,34.14,15.82,5090_ANAV_NR_1829/23,https://geoanavnet.hidrografico.pt/coastal-warnings?uuid=78119012-2801-4608-8074-f08930c1292a,Requisitos de seguranÁa maritima|Animais Marinhos - Avistamento
a00b8651-c175-4188-87f1-0841410023e8,28.0,9.0,2023,2023-09-28,38.388333,-9.393333,MultiPoint ((-9.39333300000000015 38.38833300000000293)),1117.8,15111.0,35.53,17.09,5126_ANAV_NR_1851/23,https://geoanavnet.hidrografico.pt/coastal-warnings?uuid=4f10c263-6ae8-4d5c-8f26-c275c600eaff,Requisitos de seguranÁa maritima|Animais Marinhos - InteraÁ„o
2e4a2bca-e521-4329-ae7e-ad63d90033e1,28.0,9.0,2023,2023-09-28,38.388333,-9.393333,MultiPoint ((-9.39333300000000015 38.38833300000000293)),1117.8,15111.0,35.53,17.09,5128_ANAV_NR_1854/23,https://geoanavnet.hidrografico.pt/coastal-warnings?uuid=7958ee98-09eb-4d00-b460-56ca7a3b8579,Requisitos de seguranÁa maritima|Animais Marinhos - Avistamento
2ce72602-2674-4f47-bcab-a3aa33636dda,,,2023,2023,38.5121,-9.221567,MultiPoint ((-9.22156700000000029 38.51209999999999667)),45.6,3349.0,35.33,16.88,5166_ANAV_NR_1871/23,https://geoanavnet.hidrografico.pt/coastal-warnings?uuid=e3f39d4f-88bf-4bbb-ab2e-c92df5d51793,Requisitos de seguranÁa maritima|Animais Marinhos - Avistamento
c0959047-433d-44e8-a013-ff3687d68d5d,19.0,11.0,2023,2023-11-19,36.994833,-8.8275,MultiPoint ((-8.82750000000000057 36.99483299999999986)),65.4,6145.0,35.82,17.92,5988_ANAV_NR_2366/23,https://geoanavnet.hidrografico.pt/coastal-warnings?uuid=d48c4742-7c6f-4c07-bf9e-190e0640723d,Requisitos de seguranÁa maritima|Animais Marinhos - InteraÁ„o
53d409b1-86c5-46cc-9017-accb07872bac,22.0,11.0,2023,2023-11-22,37.221617,-9.08905,MultiPoint ((-9.0890500000000003 37.22161700000000195)),142.6,15391.0,35.78,17.69,6052_ANAV_NR_2397/23,https://geoanavnet.hidrografico.pt/coastal-warnings?uuid=08b0e73f-e1ec-4909-a9d2-5eeb6e09e290,Requisitos de seguranÁa maritima|Animais Marinhos - InteraÁ„o
890f0447-851e-46de-8e26-8d28aa6d0dac,,8.0,2022,2022-08,37.503189,-9.033508,MultiPoint ((-9.03350799999999943 37.503188999999999)),213.0,20732.0,35.71,17.44,616_ANAV_NR_2023/22,https://geoanavnet.hidrografico.pt/coastal-warnings?uuid=fe2f5e48-fb3b-4839-a4a7-37f8edb6efe3,Novos perigos|Animais Marinhos - InteraÁ„o
04dca453-e6db-4972-8c06-443ba717a0dc,,8.0,2022,2022-08,38.078335,-9.037628,"MultiPolygon (((-9.15161100000000083 38.01131199999999666, -9.15161100000000083 38.14535800000000165, -8.92364500000000049 38.14535800000000165, -8.92364500000000049 38.01131199999999666, -9.15161100000000083 38.01131199999999666)))",160.2,18367.0,35.62,17.26,622_ANAV_NR_2031/22,https://geoanavnet.hidrografico.pt/coastal-warnings?uuid=d6f4a93d-e8df-4382-8b36-b1004d270ca7,Novos perigos|Animais Marinhos - InteraÁ„o
eb2d5a02-6636-4369-8e3b-bc4a18d6f67e,18.0,12.0,2023,2023-12-18,39.516667,-9.466667,MultiPoint ((-9.46666699999999928 39.51666699999999821)),868.2,7513.0,35.28,16.77,6354_ANAV_NR_2581/23,https://geoanavnet.hidrografico.pt/coastal-warnings?uuid=a9557e83-f0e8-4c2b-8647-1927dfd9b44f,Requisitos de seguranÁa maritima|Animais Marinhos - InteraÁ„o
60b2ba9b-2bef-4e97-b45d-641bda04789e,22.0,12.0,2023,2023-12-22,38.66152,-9.2976005,"MultiPolygon (((-9.3059239999999992 38.65521999999999991, -9.3059239999999992 38.66781999999999897, -9.28927700000000023 38.66781999999999897, -9.28927700000000023 38.65521999999999991, -9.3059239999999992 38.65521999999999991)))",3.8,118.0,35.39,16.81,6396_ANAV_NR_2604/23,https://geoanavnet.hidrografico.pt/coastal-warnings?uuid=ca34261a-f1cc-4f86-97ad-7947645de51e,Requisitos de seguranÁa maritima|Animais Marinhos - Avistamento
8ff2d182-4a00-430c-8426-04bc7543969c,21.0,2.0,2024,2024-02-21,37.082228,-8.355783,"MultiPolygon (((-8.39011099999999921 37.07065599999999961, -8.39011099999999921 37.09380000000000166, -8.32145500000000027 37.09380000000000166, -8.32145500000000027 37.07065599999999961, -8.39011099999999921 37.07065599999999961)))",15.0,1763.0,35.83,18.06,7378_ANAV_NR_0462/24,https://geoanavnet.hidrografico.pt/coastal-warnings?uuid=dee72194-3083-48e2-8f41-d318848d301a,Novos perigos|Animais Marinhos - InteraÁ„o
2c22c14b-a5f0-4181-ba70-821d170cf953,12.0,3.0,2024,2024-03-12,36.936721,-8.827515,MultiPoint ((-8.827515 36.93672099999999858)),113.2,11680.0,35.82,17.92,7760_ANAV_NR_0674/24,https://geoanavnet.hidrografico.pt/coastal-warnings?uuid=d3acdc4e-3d21-42f8-a4eb-06d7205aff93,Requisitos de seguranÁa maritima|Animais Marinhos - Avistamento
946b0acc-f726-488f-bf39-fa23a0a3966c,18.0,3.0,2024,2024-03-18,38.755824,-9.70788,MultiPoint ((-9.7078799999999994 38.75582399999999694)),83.0,18178.0,35.5,16.9,7816_ANAV_NR_0707/24,https://geoanavnet.hidrografico.pt/coastal-warnings?uuid=9185aeb8-e708-4710-91d8-5132a8d1e01e,Requisitos de seguranÁa maritima|Animais Marinhos - Avistamento
dde2d954-90c3-487c-8466-ca9c7f311df9,22.0,3.0,2024,2024-03-22,39.981329,-9.19281,MultiPoint ((-9.1928099999999997 39.98132900000000234)),94.2,21426.0,35.21,16.59,7862_ANAV_NR_0734/24,https://geoanavnet.hidrografico.pt/coastal-warnings?uuid=d25a17bc-da1d-4658-a77d-d7888e9f86a6,Novos perigos|Animais Marinhos - InteraÁ„o
577db2b6-789a-4463-a59f-126c9e5b7c57,23.0,3.0,2024,2024-03-23,37.527154,-9.09668,MultiPoint ((-9.09667999999999921 37.52715400000000301)),277.4,25697.0,35.74,17.47,7880_ANAV_NR_0743/24,https://geoanavnet.hidrografico.pt/coastal-warnings?uuid=62b2d19a-dd5c-4ec8-8c82-532640d38443,Requisitos de seguranÁa maritima|Animais Marinhos - InteraÁ„o
e062b73b-8d7f-4667-804a-a0b71a0ca69a,3.0,4.0,2024,2024-04-03,37.053433,-8.281667,MultiPoint ((-8.28166700000000056 37.05343299999999829)),16.6,2075.0,35.82,18.17,8000_ANAV_NR_0811/24,https://geoanavnet.hidrografico.pt/coastal-warnings?uuid=2e7bdc32-2265-48bc-aa44-cae5be839fa5,Novos perigos|Animais Marinhos - InteraÁ„o
f868205f-1ef2-4099-bad9-9850b18c81b1,,4.0,2024,2024-04,37.564174,-9.247742,MultiPoint ((-9.24774200000000057 37.56417400000000129)),591.2,37944.0,35.76,17.58,8058_ANAV_NR_0840/24,https://geoanavnet.hidrografico.pt/coastal-warnings?uuid=9f898a6a-e5e4-41ed-92f2-ffe5caa91951,Requisitos de seguranÁa maritima|Animais Marinhos - Avistamento
3d433e16-fb11-4653-b7ab-6bebcc9a2164,,4.0,2024,2024-04,38.711233,-9.604797,MultiPoint ((-9.60479699999999958 38.711233)),99.6,10262.0,35.57,16.93,8170_ANAV_NR_0899/24,https://geoanavnet.hidrografico.pt/coastal-warnings?uuid=09eabdc3-ffbb-4331-b687-201fefbcfdbe,Requisitos de seguranÁa maritima|Animais Marinhos - InteraÁ„o
dbbb947c-4cf0-41e6-850b-b410d8242c9c,,4.0,2024,2024-04,36.976227,-8.918152,MultiPoint ((-8.91815199999999919 36.97622700000000151)),60.0,3035.0,35.8,17.93,8246_ANAV_NR_0944/24,https://geoanavnet.hidrografico.pt/coastal-warnings?uuid=7f454648-bb6a-4e79-8601-5134a9ff4fe7,Requisitos de seguranÁa maritima|Animais Marinhos - Avistamento
107c9e82-cd35-4f8f-b7f1-4b6503202c38,19.0,5.0,2024,2024-05-19,37.01946401505,-7.579009022,"MultiLineString ((-7.86346399999999957 36.96415799999999763, -7.76870700000000003 36.9103720000000024, -7.36770600000000009 37.09790799999999678, -7.47070300000000032 37.1800139999999999))",89.4,10177.0,35.73,18.71,8576_ANAV_NR_1133/24,https://geoanavnet.hidrografico.pt/coastal-warnings?uuid=3616d5b9-08d9-4bdf-b363-a3ee79fd151f,Requisitos de seguranÁa maritima|Animais Marinhos - InteraÁ„o
6d2a3afd-edb7-435a-9ebc-7b8bf7e3deda,,5.0,2024,2024-05,38.595944,-9.891129,MultiPoint ((-9.89112899999999939 38.59594400000000292)),1155.8,37309.0,35.74,17.31,8580_ANAV_NR_1135/24,https://geoanavnet.hidrografico.pt/coastal-warnings?uuid=eaf15403-9fdb-40dc-95be-ad4d7cea6efa,Requisitos de seguranÁa maritima|Animais Marinhos - Avistamento
feb9034c-7bfa-44e2-8971-826552a3006c,25.0,5.0,2024,2024-05-25,38.462192,-9.250488,MultiPoint ((-9.25048800000000071 38.46219200000000171)),97.2,4170.0,35.36,17.03,8638_ANAV_NR_1165/24,https://geoanavnet.hidrografico.pt/coastal-warnings?uuid=222147c9-9fee-454e-8a3f-1fdd2f973b04,Requisitos de seguranÁa maritima|Animais Marinhos - Avistamento
2f20aa66-b214-42f9-94e7-d426494dd56f,15.0,6.0,2024,2024-06-15,36.9675,-7.798333,MultiPoint ((-7.7983330000000004 36.96750000000000114)),70.0,3426.0,35.75,18.66,8884_ANAV_NR_1305/24,https://geoanavnet.hidrografico.pt/coastal-warnings?uuid=fcb40940-ffba-4ce0-a265-62daa944e543,Requisitos de seguranÁa maritima|Animais Marinhos - Avistamento
89d761b3-85b6-4004-ad38-4d05d5046a91,16.0,6.0,2024,2024-06-16,37.088049,-8.673706,MultiPoint ((-8.67370599999999925 37.08804899999999805)),-35.0,-435.0,35.78,17.77,8892_ANAV_NR_1309/24,https://geoanavnet.hidrografico.pt/coastal-warnings?uuid=37f61ec0-3a6e-4211-b885-8cd134cd2c19,Requisitos de seguranÁa maritima|Animais Marinhos - Avistamento
079d825d-2c47-44ad-a359-e4cd7f07ff68,17.0,6.0,2024,2024-06-17,37.166667,-9.133333,MultiPoint ((-9.13333300000000037 37.16666699999999679)),226.2,17471.0,35.78,17.69,8896_ANAV_NR_1311/24,https://geoanavnet.hidrografico.pt/coastal-warnings?uuid=91b2aa98-2e0f-4ebf-8faa-6b47461245e5,Requisitos de seguranÁa maritima|Animais Marinhos - Avistamento
6a0fdff5-d1aa-40a3-ab5b-a5e8b0f31e25,18.0,6.0,2024,2024-06-18,36.98905,-8.920567,MultiPoint ((-8.92056700000000014 36.98904999999999887)),44.6,1672.0,35.8,17.93,8906_ANAV_NR_1319/24,https://geoanavnet.hidrografico.pt/coastal-warnings?uuid=282182f7-e063-4a49-b4ed-7c228453e3dd,Requisitos de seguranÁa maritima|Animais Marinhos - InteraÁ„o
c05224c4-af81-44ee-8703-6b56a79720a8,18.0,6.0,2024,2024-06-18,38.14,-9.006667,MultiPoint ((-9.0066670000000002 38.14000000000000057)),137.8,18207.0,35.58,17.21,8908_ANAV_NR_1320/24,https://geoanavnet.hidrografico.pt/coastal-warnings?uuid=09e2e8b9-cd20-4190-8170-fae9ba141e6e,Requisitos de seguranÁa maritima|Animais Marinhos - InteraÁ„o
84b6ffeb-78eb-4fce-acb6-98ec700839b9,,6.0,2024,2024-06,38.065392,-9.228516,MultiPoint ((-9.22851600000000083 38.06539200000000278)),672.8,31860.0,35.68,17.36,8914_ANAV_NR_1327/24,https://geoanavnet.hidrografico.pt/coastal-warnings?uuid=fd2525d3-7c7e-4093-ba8e-118f33c0e565,Requisitos de seguranÁa maritima|Animais Marinhos - InteraÁ„o
610db63e-d527-4d73-9f73-6a76b97e1f1c,20.0,6.0,2024,2024-06-20,38.469667,-9.585167,MultiPoint ((-9.58516700000000021 38.46966700000000117)),173.4,27316.0,35.69,17.31,8934_ANAV_NR_1339/24,https://geoanavnet.hidrografico.pt/coastal-warnings?uuid=3274a93e-405f-4e95-ae4d-49058b6ad89d,Requisitos de seguranÁa maritima|Animais Marinhos - InteraÁ„o
f54fc9e6-ae35-40e7-b6cc-88356fe9ae25,21.0,6.0,2024,2024-06-21,38.2498675,-9.332886,"MultiPolygon (((-9.90966799999999992 37.82280200000000292, -9.90966799999999992 38.67693299999999823, -8.75610400000000055 38.67693299999999823, -8.75610400000000055 37.82280200000000292, -9.90966799999999992 37.82280200000000292)))",1525.2,20583.0,35.63,17.35,8946_ANAV_NR_1348/24,https://geoanavnet.hidrografico.pt/coastal-warnings?uuid=a8e4adeb-484f-4caf-a7fe-0413e447e3b7,Requisitos de seguranÁa maritima|Animais Marinhos - Avistamento
10da8d35-24d6-4492-8810-3ba8c5b186f6,24.0,6.0,2024,2024-06-24,37.463333,-8.902167,MultiPoint ((-8.90216700000000039 37.46333299999999866)),107.6,8953.0,35.71,17.45,8984_ANAV_NR_1369/24,https://geoanavnet.hidrografico.pt/coastal-warnings?uuid=1f7566ae-6be7-4158-a2a8-a5ea1a55304a,Requisitos de seguranÁa maritima|Animais Marinhos - InteraÁ„o
b6b4b40d-a27d-4e1e-9330-17432df887b5,30.0,6.0,2024,2024-06-30,38.076633,-8.988733,MultiPoint ((-8.98873299999999986 38.07663300000000106)),133.0,14436.0,35.62,17.24,9084_ANAV_NR_1429/24,https://geoanavnet.hidrografico.pt/coastal-warnings?uuid=9248b8a2-9554-46c3-8796-1880411e9255,Requisitos de seguranÁa maritima|Animais Marinhos - Avistamento
18d6364b-4ae9-4cc8-94ca-f8d9170a86e7,,,2024,2024,38.439108,-9.106724,"MultiPoint ((-9.10952799999999918 38.44053100000000001),(-9.10817600000000027 38.43861499999999864),(-9.102468 38.43817800000000062))",11.0,84.0,35.38,16.98,9372_ANAV_NR_1653/24,https://geoanavnet.hidrografico.pt/coastal-warnings?uuid=dfeee748-3056-4d12-88bd-b8f9054cc81e,Requisitos de seguranÁa maritima|Outros - OperaÁıes de mergulho
b90c9826-7734-4ed7-b93c-c3a64251d056,13.0,8.0,2024,2024-08-13,36.9672045,-8.3551025,"MultiPolygon (((-8.84399400000000036 36.77409200000000311, -8.84399400000000036 37.16031699999999915, -7.86621099999999984 37.16031699999999915, -7.86621099999999984 36.77409200000000311, -8.84399400000000036 36.77409200000000311)))",79.0,12626.0,35.84,18.19,9488_ANAV_NR_1746/24,https://geoanavnet.hidrografico.pt/coastal-warnings?uuid=191f297f-302b-4d35-a4f8-971e7584762d,Requisitos de seguranÁa maritima|Animais Marinhos - Avistamento
75bd75fe-2f1d-4241-aaa4-e0eb9b6c91ae,16.0,8.0,2024,2024-08-16,38.516667,-9.216667,MultiPoint ((-9.21666699999999928 38.51666699999999821)),41.0,2941.0,35.33,16.88,9508_ANAV_NR_1763/24,https://geoanavnet.hidrografico.pt/coastal-warnings?uuid=fcc22847-222c-4f49-bfd3-2e680b4554b6,Requisitos de seguranÁa maritima|Animais Marinhos - Avistamento
e59ad554-b8ae-4f74-8082-8f640297ab70,16.0,8.0,2024,2024-08-16,37.02,-8.035333,MultiPoint ((-8.03533299999999961 37.02000000000000313)),11.0,917.0,35.82,18.4,9510_ANAV_NR_1764/24,https://geoanavnet.hidrografico.pt/coastal-warnings?uuid=6cf190a0-ff65-4330-b19f-64d3a460efe3,Requisitos de seguranÁa maritima|Animais Marinhos - Avistamento
ee145123-03ee-4f65-a486-9dde57585405,17.0,8.0,2024,2024-08-17,38.432077,-9.118652,MultiPoint ((-9.11865200000000087 38.4320769999999996)),-2.0,105.0,35.38,16.98,9528_ANAV_NR_1773/24,https://geoanavnet.hidrografico.pt/coastal-warnings?uuid=2aef3ff5-1a2a-47d5-8177-e8d2c305e929,Requisitos de seguranÁa maritima|Animais Marinhos - Avistamento
cfbd8ace-de27-4853-a181-924df96e4ec4,22.0,8.0,2024,2024-08-22,41.123333,-8.931667,MultiPoint ((-8.93166699999999913 41.12333300000000236)),65.4,19456.0,34.46,15.9,9580_ANAV_NR_1807/24,https://geoanavnet.hidrografico.pt/coastal-warnings?uuid=6b380d53-a8b8-4569-b12f-1fa14303d416,Requisitos de seguranÁa maritima|Animais Marinhos - InteraÁ„o
28d80d32-4781-4e30-9406-c229a9fd38de,26.0,8.0,2024,2024-08-26,39.626846,-9.107666,MultiPoint ((-9.10766600000000004 39.62684600000000046)),26.8,2068.0,35.13,16.52,9608_ANAV_NR_1830/24,https://geoanavnet.hidrografico.pt/coastal-warnings?uuid=2dab1155-d0cd-4232-91d4-f1ce0f67dd10,Requisitos de seguranÁa maritima|Animais Marinhos - InteraÁ„o
8414ba4a-2141-405b-8631-9cb0a1a017ed,28.0,8.0,2024,2024-08-28,40.583333,-8.983333,MultiPoint ((-8.98333300000000001 40.58333300000000321)),62.6,17983.0,35.03,16.23,9622_ANAV_NR_1840/24,https://geoanavnet.hidrografico.pt/coastal-warnings?uuid=1f803059-2cb6-467e-b425-68bdfb18ad37,Requisitos de seguranÁa maritima|Animais Marinhos - Avistamento
638bbb4d-a08d-4b70-8581-5e5a31fdd8c8,,9.0,2022,2022-09,38.363459,-9.18148,"MultiPolygon (((-9.23263500000000015 38.33465499999999793, -9.23263500000000015 38.39226299999999981, -9.13032499999999914 38.39226299999999981, -9.13032499999999914 38.33465499999999793, -9.23263500000000015 38.33465499999999793)))",144.4,5180.0,35.45,17.08,970_ANAV_NR_2270/22,https://geoanavnet.hidrografico.pt/coastal-warnings?uuid=82120d45-a99b-4968-984e-493c3ed84b6e,Novos perigos|Animais Marinhos - InteraÁ„o
02ea6511-fcaa-4d43-99c7-d2ff0b14043e,,9.0,2024,2024-09,39.474167,-9.301333,MultiPoint ((-9.30133299999999963 39.47416700000000134)),69.6,7492.0,35.13,16.64,9762_ANAV_NR_1930/24,https://geoanavnet.hidrografico.pt/coastal-warnings?uuid=b3783769-7774-40aa-a9e9-ddddaf8065ea,Requisitos de seguranÁa maritima|Animais Marinhos - Avistamento
e8f1f4f6-3ca7-43d0-8368-3f1ad886892c,,9.0,2022,2022-09,38.562126,-9.251862,MultiPoint ((-9.25186199999999914 38.56212599999999924)),58.4,4812.0,35.36,16.89,996_ANAV_NR_2292/22,https://geoanavnet.hidrografico.pt/coastal-warnings?uuid=4826b1ec-96cd-4802-b26f-cfaa72b62612,Requisitos de seguranÁa maritima|Animais Marinhos - Avistamento
